country,product,category,price_usd,units_sold,profit_usd,exchange_rate_to_usd,gdp_per_capita,population_millions
France,Headphones,Accessories,308.27,768,66376.72,0.92,45000,65
India,Phone,Electronics,652.83,375,58182.38,83,2500,1400
Canada,Phone,Electronics,362.88,456,37304.33,1.35,52000,38
Germany,Tablet,Electronics,589.56,161,8074.67,0.92,52000,83
Brazil,Laptop,Electronics,138.09,467,10893.94,5.1,9000,213
UK,Phone,Electronics,528.36,124,16914.22,0.78,48000,67
UAE,Phone,Electronics,106.9,901,10026.82,3.67,43000,10
USA,Smartwatch,Accessories,244.9,662,41957.11,1,70000,331
USA,Smartwatch,Accessories,322.47,621,47887.82,1,70000,331
Canada,Headphones,Accessories,618.81,679,32667.06,1.35,52000,38
UK,Phone,Electronics,707.91,595,22352.52,0.78,48000,67
Canada,Headphones,Accessories,185.79,614,34176.65,1.35,52000,38
Japan,Phone,Electronics,436.66,257,12616.46,150,40000,125
Canada,Laptop,Electronics,981.33,207,40695.46,1.35,52000,38
Germany,Laptop,Electronics,525.96,319,21399.39,0.92,52000,83
Brazil,Phone,Electronics,564.06,536,20622.33,5.1,9000,213
UAE,Smartwatch,Accessories,101.52,364,8383.56,3.67,43000,10
USA,Tablet,Electronics,91.35,194,2528.76,1,70000,331
UK,Tablet,Electronics,826.82,961,218896.98,0.78,48000,67
USA,Laptop,Electronics,607.58,1000,181506.4,1,70000,331
Australia,Headphones,Accessories,339.29,333,24347.38,1.5,55000,26
Australia,Headphones,Accessories,675.74,139,6295.45,1.5,55000,26
Japan,Laptop,Electronics,733.28,432,86233.33,150,40000,125
Brazil,Tablet,Electronics,136.95,924,34863.76,5.1,9000,213
UAE,Tablet,Electronics,725.44,721,30734.23,3.67,43000,10
USA,Smartwatch,Accessories,923.41,114,24203.48,1,70000,331
Brazil,Headphones,Accessories,813.44,508,106430.75,5.1,9000,213
Australia,Laptop,Electronics,991.96,567,53239.37,1.5,55000,26
India,Laptop,Electronics,361.16,258,16958.82,83,2500,1400
Japan,Tablet,Electronics,195.99,533,11267.44,150,40000,125
Germany,Headphones,Accessories,583.21,937,134618.44,0.92,52000,83
Japan,Smartwatch,Accessories,223.25,718,24833.65,150,40000,125
Canada,Tablet,Electronics,401.19,502,47397.85,1.35,52000,38
Australia,Tablet,Electronics,812.58,117,10189.87,1.5,55000,26
Japan,Laptop,Electronics,383.09,109,9561.32,150,40000,125
India,Smartwatch,Accessories,479.81,807,64242.2,83,2500,1400
Canada,Tablet,Electronics,223.91,882,38797.56,1.35,52000,38
India,Phone,Electronics,637.04,743,138172.98,83,2500,1400
Canada,Laptop,Electronics,116.29,76,863.29,1.35,52000,38
India,Laptop,Electronics,61.81,485,7662.6,83,2500,1400
Japan,Phone,Electronics,166.75,238,9017.84,150,40000,125
UK,Smartwatch,Accessories,829.92,798,195108.84,0.78,48000,67
USA,Tablet,Electronics,938.53,250,69855.33,1,70000,331
Australia,Laptop,Electronics,271.93,985,30539.54,1.5,55000,26
France,Headphones,Accessories,620.64,605,45929.4,0.92,45000,65
France,Tablet,Electronics,696.72,946,158390.48,0.92,45000,65
France,Smartwatch,Accessories,812.39,226,46890.04,0.92,45000,65
UK,Laptop,Electronics,904.96,276,39539.98,0.78,48000,67
UAE,Phone,Electronics,387.5,87,6430.72,3.67,43000,10
Australia,Laptop,Electronics,469.9,845,34144.92,1.5,55000,26
UK,Phone,Electronics,83.7,387,1955.92,0.78,48000,67
France,Laptop,Electronics,714.71,520,62999.88,0.92,45000,65
Canada,Smartwatch,Accessories,602.25,971,113523.31,1.35,52000,38
UK,Smartwatch,Accessories,899.21,936,174053.33,0.78,48000,67
India,Laptop,Electronics,440.91,599,34680.22,83,2500,1400
India,Laptop,Electronics,222.67,706,26831.18,83,2500,1400
Germany,Phone,Electronics,578.46,426,55598.69,0.92,52000,83
Australia,Phone,Electronics,387.36,349,20664.6,1.5,55000,26
India,Headphones,Accessories,262.06,838,49835,83,2500,1400
Japan,Smartwatch,Accessories,554.53,835,116358.07,150,40000,125
France,Headphones,Accessories,846.21,949,239749.39,0.92,45000,65
Canada,Headphones,Accessories,289.42,530,12135.54,1.35,52000,38
Australia,Smartwatch,Accessories,395.06,296,32469.2,1.5,55000,26
Germany,Laptop,Electronics,320.26,539,36339.67,0.92,52000,83
USA,Headphones,Accessories,858.05,149,13622.36,1,70000,331
Australia,Tablet,Electronics,623.91,988,93918.61,1.5,55000,26
USA,Tablet,Electronics,854.88,185,40799.01,1,70000,331
India,Tablet,Electronics,724.92,767,52654.8,83,2500,1400
Canada,Headphones,Accessories,536.18,567,48839.86,1.35,52000,38
Australia,Tablet,Electronics,380.41,946,84944.05,1.5,55000,26
UK,Phone,Electronics,828.62,928,225026.04,0.78,48000,67
India,Laptop,Electronics,849.54,440,52906.59,83,2500,1400
USA,Phone,Electronics,293.07,979,64770.86,1,70000,331
France,Headphones,Accessories,451.19,186,12600.46,0.92,45000,65
Brazil,Headphones,Accessories,310.74,537,12964.5,5.1,9000,213
Japan,Smartwatch,Accessories,360.53,759,19672.18,150,40000,125
France,Tablet,Electronics,662.64,934,177096.81,0.92,45000,65
Brazil,Phone,Electronics,528.72,693,64955.93,5.1,9000,213
Japan,Headphones,Accessories,716.3,574,84560.28,150,40000,125
Japan,Laptop,Electronics,343.06,446,22571.43,150,40000,125
UK,Smartwatch,Accessories,961.96,833,48936.85,0.78,48000,67
Australia,Phone,Electronics,872.83,725,140827.89,1.5,55000,26
India,Smartwatch,Accessories,741.19,379,16955.55,83,2500,1400
UAE,Phone,Electronics,431.05,602,46230.23,3.67,43000,10
India,Headphones,Accessories,752.85,524,44557.15,83,2500,1400
France,Headphones,Accessories,907.03,743,114083.88,0.92,45000,65
Germany,Tablet,Electronics,615.5,405,32802.79,0.92,52000,83
India,Smartwatch,Accessories,634.09,303,56199.42,83,2500,1400
Australia,Tablet,Electronics,541.47,546,35369.88,1.5,55000,26
UK,Headphones,Accessories,637.47,975,64717.38,0.78,48000,67
Canada,Headphones,Accessories,798.47,757,90967.51,1.35,52000,38
Germany,Tablet,Electronics,963.27,119,8835.77,0.92,52000,83
France,Headphones,Accessories,952.41,204,30403.98,0.92,45000,65
UK,Phone,Electronics,168.64,196,9093.92,0.78,48000,67
UAE,Tablet,Electronics,213.66,307,16700.75,3.67,43000,10
Germany,Headphones,Accessories,877.59,676,112309.75,0.92,52000,83
Australia,Tablet,Electronics,224.01,754,37720.9,1.5,55000,26
Australia,Laptop,Electronics,899.32,624,60757.45,1.5,55000,26
Japan,Smartwatch,Accessories,782.44,412,84118.14,150,40000,125
Australia,Tablet,Electronics,707.04,354,71923.96,1.5,55000,26
Australia,Laptop,Electronics,107.46,416,10384.29,1.5,55000,26
France,Headphones,Accessories,377.2,312,18145.36,0.92,45000,65
UK,Phone,Electronics,905.91,716,55844.06,0.78,48000,67
Brazil,Phone,Electronics,867.34,835,82474,5.1,9000,213
Brazil,Smartwatch,Accessories,741.97,641,134177.76,5.1,9000,213
Japan,Phone,Electronics,967.17,892,124390.37,150,40000,125
Germany,Phone,Electronics,738.04,989,40384.39,0.92,52000,83
Canada,Headphones,Accessories,385.97,548,51091.65,1.35,52000,38
Japan,Tablet,Electronics,995.56,426,105133.03,150,40000,125
India,Smartwatch,Accessories,518.39,335,24818.62,83,2500,1400
Japan,Smartwatch,Accessories,687.51,374,22496.75,150,40000,125
Canada,Phone,Electronics,929.92,106,28803.9,1.35,52000,38
Canada,Tablet,Electronics,781.92,989,113966.89,1.35,52000,38
UK,Phone,Electronics,898.45,358,47966.47,0.78,48000,67
Australia,Phone,Electronics,349.85,706,19899.04,1.5,55000,26
UAE,Tablet,Electronics,892.68,493,112565.13,3.67,43000,10
Germany,Headphones,Accessories,735.53,340,14430.64,0.92,52000,83
USA,Headphones,Accessories,976.97,136,20802.91,1,70000,331
Brazil,Laptop,Electronics,409.73,91,10360.95,5.1,9000,213
Japan,Phone,Electronics,981.64,803,102661.83,150,40000,125
Germany,Tablet,Electronics,946.54,722,159695.06,0.92,52000,83
UAE,Phone,Electronics,762.29,62,4709.31,3.67,43000,10
Canada,Headphones,Accessories,248.86,331,24393.11,1.35,52000,38
India,Laptop,Electronics,169.62,143,1474.15,83,2500,1400
India,Headphones,Accessories,92.47,675,18534,83,2500,1400
India,Smartwatch,Accessories,807.74,115,22953.37,83,2500,1400
Germany,Tablet,Electronics,844.97,980,120288.04,0.92,52000,83
USA,Laptop,Electronics,957.36,981,217795.63,1,70000,331
Canada,Tablet,Electronics,872.11,617,108984.03,1.35,52000,38
UAE,Laptop,Electronics,435.09,179,20838.9,3.67,43000,10
UAE,Phone,Electronics,503.15,495,26348.37,3.67,43000,10
Brazil,Headphones,Accessories,707.97,677,65219.59,5.1,9000,213
Australia,Tablet,Electronics,601.9,601,47049.05,1.5,55000,26
USA,Smartwatch,Accessories,825.38,280,21346.18,1,70000,331
UAE,Phone,Electronics,646.4,424,60849.92,3.67,43000,10
Australia,Laptop,Electronics,815.92,881,67747.49,1.5,55000,26
India,Headphones,Accessories,627.68,262,35513.24,83,2500,1400
UAE,Headphones,Accessories,959.73,795,155977.56,3.67,43000,10
India,Headphones,Accessories,387.21,469,49878.96,83,2500,1400
Japan,Tablet,Electronics,486.07,690,78448.3,150,40000,125
UAE,Smartwatch,Accessories,627.07,991,112468.45,3.67,43000,10
France,Laptop,Electronics,518.49,118,8807.2,0.92,45000,65
Germany,Tablet,Electronics,105.44,630,6724.85,0.92,52000,83
USA,Headphones,Accessories,319.44,850,13863.19,1,70000,331
Japan,Laptop,Electronics,924.99,897,216897.85,150,40000,125
France,Laptop,Electronics,666.51,693,47433.45,0.92,45000,65
UAE,Phone,Electronics,125.82,411,9764.27,3.67,43000,10
India,Smartwatch,Accessories,129.39,791,19611.5,83,2500,1400
Japan,Smartwatch,Accessories,642.02,116,21048.27,150,40000,125
Canada,Tablet,Electronics,694.62,461,84722.83,1.35,52000,38
UK,Smartwatch,Accessories,54.52,725,3426.1,0.78,48000,67
UK,Tablet,Electronics,158.43,255,5056.19,0.78,48000,67
Germany,Smartwatch,Accessories,918.85,861,158482.42,0.92,52000,83
India,Laptop,Electronics,359.3,747,28049.37,83,2500,1400
Australia,Headphones,Accessories,770.81,923,151015.93,1.5,55000,26
UK,Tablet,Electronics,476.74,141,10257.35,0.78,48000,67
UK,Smartwatch,Accessories,284.96,675,27733.07,0.78,48000,67
USA,Laptop,Electronics,216.01,273,11262.68,1,70000,331
Germany,Smartwatch,Accessories,602.6,458,71563.28,0.92,52000,83
Canada,Phone,Electronics,832.01,469,99724.82,1.35,52000,38
Germany,Smartwatch,Accessories,205.56,344,4007.19,0.92,52000,83
Brazil,Headphones,Accessories,116.83,483,15762.6,5.1,9000,213
Canada,Laptop,Electronics,297.38,481,16970.42,1.35,52000,38
Germany,Laptop,Electronics,280.49,390,31093.04,0.92,52000,83
Australia,Headphones,Accessories,122.82,644,18564.27,1.5,55000,26
Japan,Laptop,Electronics,687.77,358,17748.31,150,40000,125
Australia,Laptop,Electronics,242.62,199,11972.62,1.5,55000,26
Brazil,Tablet,Electronics,420.74,644,62886.75,5.1,9000,213
UK,Smartwatch,Accessories,716.76,687,91525.98,0.78,48000,67
Japan,Phone,Electronics,672,530,58853.61,150,40000,125
Brazil,Headphones,Accessories,174.45,629,10143.48,5.1,9000,213
Japan,Headphones,Accessories,137.25,99,3138.46,150,40000,125
Brazil,Tablet,Electronics,932.78,984,192390.5,5.1,9000,213
Brazil,Phone,Electronics,50.54,401,3017.29,5.1,9000,213
Brazil,Headphones,Accessories,951.31,927,61621.74,5.1,9000,213
UAE,Laptop,Electronics,88.66,551,6950.59,3.67,43000,10
USA,Tablet,Electronics,621.87,146,17275.96,1,70000,331
UK,Smartwatch,Accessories,586.06,444,72299.97,0.78,48000,67
Brazil,Phone,Electronics,662.6,55,8265.36,5.1,9000,213
Japan,Smartwatch,Accessories,462.28,447,41448.52,150,40000,125
Japan,Laptop,Electronics,360.46,903,93159,150,40000,125
UAE,Phone,Electronics,925.5,310,16309.12,3.67,43000,10
France,Laptop,Electronics,948.73,247,69356.65,0.92,45000,65
Brazil,Laptop,Electronics,750.76,827,45909.81,5.1,9000,213
Brazil,Headphones,Accessories,359.7,347,22015.5,5.1,9000,213
France,Phone,Electronics,470.56,731,82801.84,0.92,45000,65
USA,Laptop,Electronics,883.4,614,113673.04,1,70000,331
UK,Tablet,Electronics,652.1,871,61075.49,0.78,48000,67
Brazil,Tablet,Electronics,905.51,912,74170.3,5.1,9000,213
Germany,Headphones,Accessories,851.06,667,119399.05,0.92,52000,83
Australia,Tablet,Electronics,245.38,864,19106.2,1.5,55000,26
Australia,Smartwatch,Accessories,574.05,682,23541.18,1.5,55000,26
India,Smartwatch,Accessories,171.14,494,24995.96,83,2500,1400
UK,Phone,Electronics,475.65,201,21634.85,0.78,48000,67
Australia,Smartwatch,Accessories,438.27,554,27764.83,1.5,55000,26
Canada,Laptop,Electronics,756.59,132,10097.23,1.35,52000,38
Canada,Headphones,Accessories,389.59,737,32366.2,1.35,52000,38
Australia,Phone,Electronics,148.07,830,22420.33,1.5,55000,26
UAE,Headphones,Accessories,363.58,540,33280.54,3.67,43000,10
India,Phone,Electronics,416,470,20313.81,83,2500,1400
France,Phone,Electronics,878.23,576,69343.21,0.92,45000,65
Brazil,Tablet,Electronics,611.05,62,6593.85,5.1,9000,213
Germany,Tablet,Electronics,913.88,629,88176.97,0.92,52000,83
Australia,Smartwatch,Accessories,604.4,816,78767.23,1.5,55000,26
Germany,Headphones,Accessories,480.67,530,24199.94,0.92,52000,83
UAE,Smartwatch,Accessories,237.46,257,12412.82,3.67,43000,10
UK,Phone,Electronics,99.95,641,7020.8,0.78,48000,67
Brazil,Laptop,Electronics,496.85,54,6788.96,5.1,9000,213
UAE,Tablet,Electronics,68.52,965,5547.68,3.67,43000,10
UAE,Laptop,Electronics,842.4,359,21805.61,3.67,43000,10
Japan,Tablet,Electronics,430.92,305,30985.38,150,40000,125
Canada,Phone,Electronics,735.84,338,45349.42,1.35,52000,38
Australia,Headphones,Accessories,667.34,300,23315.71,1.5,55000,26
UK,Phone,Electronics,54.04,623,7456.05,0.78,48000,67
Australia,Tablet,Electronics,962.61,662,135161.46,1.5,55000,26
Japan,Tablet,Electronics,620.02,432,63435.38,150,40000,125
Germany,Smartwatch,Accessories,425.88,998,30692.41,0.92,52000,83
France,Tablet,Electronics,894.39,580,115845.04,0.92,45000,65
USA,Tablet,Electronics,502.32,850,71149.13,1,70000,331
Canada,Headphones,Accessories,178.77,321,6551.27,1.35,52000,38
Brazil,Smartwatch,Accessories,812.05,292,36253.1,5.1,9000,213
Germany,Laptop,Electronics,751.14,291,25615.58,0.92,52000,83
UK,Phone,Electronics,748.37,496,97689.18,0.78,48000,67
UK,Laptop,Electronics,833.91,961,98580.85,0.78,48000,67
India,Smartwatch,Accessories,522.31,915,36445.56,83,2500,1400
USA,Smartwatch,Accessories,599.58,425,63188.52,1,70000,331
India,Headphones,Accessories,238.91,216,15397.27,83,2500,1400
Canada,Headphones,Accessories,505.99,541,27712.37,1.35,52000,38
Japan,Laptop,Electronics,292.5,102,7519.62,150,40000,125
USA,Laptop,Electronics,763.99,845,140760.95,1,70000,331
Canada,Headphones,Accessories,110.68,719,13285.5,1.35,52000,38
Japan,Laptop,Electronics,942.22,491,35915.49,150,40000,125
USA,Tablet,Electronics,388.37,930,52622.73,1,70000,331
Canada,Phone,Electronics,529.23,466,43954.21,1.35,52000,38
Germany,Laptop,Electronics,274.24,405,32804.76,0.92,52000,83
UK,Headphones,Accessories,585.29,149,19258.55,0.78,48000,67
India,Phone,Electronics,431.63,580,51029.56,83,2500,1400
Canada,Tablet,Electronics,500.93,579,29066.77,1.35,52000,38
Australia,Phone,Electronics,611.13,643,83472.59,1.5,55000,26
France,Tablet,Electronics,250.08,578,28600.25,0.92,45000,65
UAE,Laptop,Electronics,111.9,707,13293.99,3.67,43000,10
France,Tablet,Electronics,951.56,369,91093.89,0.92,45000,65
India,Tablet,Electronics,838.88,905,182465.49,83,2500,1400
Australia,Laptop,Electronics,500.85,241,33098.66,1.5,55000,26
France,Tablet,Electronics,874.29,182,18064.81,0.92,45000,65
UAE,Smartwatch,Accessories,623.64,957,115028.31,3.67,43000,10
France,Tablet,Electronics,446.23,480,35978.78,0.92,45000,65
Brazil,Laptop,Electronics,712.83,446,76428.54,5.1,9000,213
India,Headphones,Accessories,228.83,946,33199.58,83,2500,1400
USA,Headphones,Accessories,754.26,53,11874.26,1,70000,331
Germany,Laptop,Electronics,572.26,593,48789,0.92,52000,83
USA,Smartwatch,Accessories,562.65,262,23662.79,1,70000,331
Germany,Laptop,Electronics,767.19,974,178357.78,0.92,52000,83
Canada,Headphones,Accessories,523.31,724,43191.37,1.35,52000,38
Brazil,Phone,Electronics,267.2,207,7251.49,5.1,9000,213
Japan,Smartwatch,Accessories,357.44,245,25673.53,150,40000,125
Canada,Laptop,Electronics,278.36,361,9953.58,1.35,52000,38
Canada,Smartwatch,Accessories,385.94,739,40568.97,1.35,52000,38
India,Tablet,Electronics,703.15,481,52482.17,83,2500,1400
UAE,Laptop,Electronics,914.14,56,12308.35,3.67,43000,10
UK,Laptop,Electronics,886.89,84,14153.08,0.78,48000,67
Germany,Laptop,Electronics,962,271,66313.59,0.92,52000,83
Germany,Headphones,Accessories,230.08,864,14564.35,0.92,52000,83
Japan,Tablet,Electronics,850.41,191,9297.5,150,40000,125
Canada,Phone,Electronics,914.13,863,54044.43,1.35,52000,38
Japan,Laptop,Electronics,849.82,170,29059.45,150,40000,125
Canada,Laptop,Electronics,135.51,417,6205.27,1.35,52000,38
Canada,Phone,Electronics,190.57,547,22429.89,1.35,52000,38
UAE,Laptop,Electronics,173.56,78,1781.81,3.67,43000,10
Canada,Laptop,Electronics,633.59,962,137996.6,1.35,52000,38
India,Laptop,Electronics,811.47,181,18884.96,83,2500,1400
Brazil,Tablet,Electronics,509.42,76,4883.75,5.1,9000,213
Japan,Laptop,Electronics,563.04,54,4148.98,150,40000,125
Japan,Smartwatch,Accessories,143.62,670,8179.14,150,40000,125
Canada,Smartwatch,Accessories,882.82,976,209298.81,1.35,52000,38
USA,Laptop,Electronics,724.01,933,91033.19,1,70000,331
Canada,Phone,Electronics,58.88,733,4610.3,1.35,52000,38
Australia,Laptop,Electronics,505.51,504,14402.76,1.5,55000,26
USA,Laptop,Electronics,264.33,77,2430.37,1,70000,331
Australia,Tablet,Electronics,374.38,518,36869.34,1.5,55000,26
Canada,Tablet,Electronics,161.27,961,11729.38,1.35,52000,38
USA,Smartwatch,Accessories,899.56,177,22735,1,70000,331
Australia,Headphones,Accessories,971.97,117,10713.59,1.5,55000,26
UAE,Smartwatch,Accessories,462.87,321,30966.08,3.67,43000,10
France,Smartwatch,Accessories,89.07,86,1057.79,0.92,45000,65
France,Laptop,Electronics,167.64,820,8033.67,0.92,45000,65
Australia,Phone,Electronics,227.1,801,39302,1.5,55000,26
USA,Tablet,Electronics,165.8,142,5872.52,1,70000,331
UK,Tablet,Electronics,709.01,300,37536.92,0.78,48000,67
France,Tablet,Electronics,435.43,620,18757.1,0.92,45000,65
France,Smartwatch,Accessories,87.79,217,1047.42,0.92,45000,65
UK,Smartwatch,Accessories,351.96,749,15790.52,0.78,48000,67
Germany,Smartwatch,Accessories,327.59,317,29554.63,0.92,52000,83
Brazil,Smartwatch,Accessories,253.82,966,67265.19,5.1,9000,213
Japan,Tablet,Electronics,95.81,907,24706.36,150,40000,125
UAE,Smartwatch,Accessories,88.65,624,5780.27,3.67,43000,10
Australia,Headphones,Accessories,356.89,323,22260.1,1.5,55000,26
USA,Headphones,Accessories,817.72,757,118853.33,1,70000,331
India,Phone,Electronics,633.28,244,9420.78,83,2500,1400
India,Tablet,Electronics,768.49,581,113214.02,83,2500,1400
USA,Laptop,Electronics,283.01,326,23305.35,1,70000,331
Australia,Headphones,Accessories,131.46,794,13203.96,1.5,55000,26
UAE,Headphones,Accessories,643.85,663,83309.69,3.67,43000,10
USA,Smartwatch,Accessories,783.75,77,3458.8,1,70000,331
India,Laptop,Electronics,390.72,392,35948.96,83,2500,1400
UAE,Smartwatch,Accessories,309.96,598,23363.2,3.67,43000,10
France,Headphones,Accessories,704.37,809,166305.97,0.92,45000,65
Canada,Phone,Electronics,562.42,560,40830.49,1.35,52000,38
USA,Smartwatch,Accessories,954.72,958,94751.56,1,70000,331
Canada,Smartwatch,Accessories,475.36,274,13902.42,1.35,52000,38
Japan,Smartwatch,Accessories,391.74,424,9756.72,150,40000,125
Japan,Smartwatch,Accessories,282.05,100,3530.66,150,40000,125
UK,Tablet,Electronics,464.03,559,17866.8,0.78,48000,67
Germany,Laptop,Electronics,370.8,320,6671.21,0.92,52000,83
India,Phone,Electronics,53.73,910,11401.01,83,2500,1400
Australia,Headphones,Accessories,154.85,694,22872.2,1.5,55000,26
Japan,Smartwatch,Accessories,679.77,494,27307.04,150,40000,125
UK,Phone,Electronics,860.35,81,8930.67,0.78,48000,67
Brazil,Headphones,Accessories,602.79,727,25405.19,5.1,9000,213
USA,Smartwatch,Accessories,402.4,740,43865.45,1,70000,331
UAE,Laptop,Electronics,58.37,134,783.12,3.67,43000,10
France,Phone,Electronics,429.05,269,19580.1,0.92,45000,65
Japan,Smartwatch,Accessories,197.3,871,10321.91,150,40000,125
Japan,Phone,Electronics,747.13,514,90057.43,150,40000,125
UK,Headphones,Accessories,991.73,543,138661.04,0.78,48000,67
UAE,Laptop,Electronics,796.97,696,131306.16,3.67,43000,10
Germany,Phone,Electronics,753.15,303,29637.51,0.92,52000,83
USA,Smartwatch,Accessories,904.84,867,97562.53,1,70000,331
Brazil,Tablet,Electronics,397.1,352,38181.05,5.1,9000,213
France,Laptop,Electronics,97.98,904,16416.99,0.92,45000,65
UK,Phone,Electronics,164.9,451,19047.84,0.78,48000,67
Japan,Tablet,Electronics,574.82,74,11470.88,150,40000,125
France,Laptop,Electronics,99.56,686,10322.9,0.92,45000,65
India,Tablet,Electronics,513.18,368,53114.34,83,2500,1400
UAE,Tablet,Electronics,125.81,75,2114.2,3.67,43000,10
Germany,Phone,Electronics,741.4,441,25553.32,0.92,52000,83
India,Laptop,Electronics,79.01,518,10062.68,83,2500,1400
France,Smartwatch,Accessories,821.25,884,92675.51,0.92,45000,65
France,Laptop,Electronics,960.55,69,18320.66,0.92,45000,65
Canada,Tablet,Electronics,818.3,842,205438.44,1.35,52000,38
Brazil,Laptop,Electronics,519.78,57,6904.11,5.1,9000,213
Canada,Headphones,Accessories,697.79,208,9877.26,1.35,52000,38
India,Headphones,Accessories,695.54,521,94861.88,83,2500,1400
Australia,Tablet,Electronics,563.29,376,62417.26,1.5,55000,26
Australia,Smartwatch,Accessories,948.1,733,100549.52,1.5,55000,26
Canada,Laptop,Electronics,214.51,78,3466.32,1.35,52000,38
France,Laptop,Electronics,578.28,218,7399.55,0.92,45000,65
Brazil,Headphones,Accessories,385.98,362,32523.25,5.1,9000,213
UK,Laptop,Electronics,762.83,50,3299.44,0.78,48000,67
Germany,Tablet,Electronics,128.95,809,9787.04,0.92,52000,83
Germany,Smartwatch,Accessories,762.9,631,138823,0.92,52000,83
Japan,Smartwatch,Accessories,382.98,999,32260.47,150,40000,125
India,Phone,Electronics,341.6,197,19883.35,83,2500,1400
Canada,Headphones,Accessories,228.17,670,27318.44,1.35,52000,38
Japan,Phone,Electronics,665.56,410,71326.12,150,40000,125
Australia,Smartwatch,Accessories,351.44,777,34581.47,1.5,55000,26
Canada,Laptop,Electronics,504.2,218,8035.95,1.35,52000,38
Canada,Phone,Electronics,476.69,800,55675.87,1.35,52000,38
UAE,Headphones,Accessories,289.28,417,34701.62,3.67,43000,10
USA,Tablet,Electronics,492.85,904,95684.28,1,70000,331
Canada,Smartwatch,Accessories,111.86,791,15818.1,1.35,52000,38
Japan,Laptop,Electronics,311.01,232,7114.54,150,40000,125
India,Phone,Electronics,362.91,894,53201.61,83,2500,1400
USA,Tablet,Electronics,849.75,320,22787.37,1,70000,331
Australia,Laptop,Electronics,875.8,956,96484.25,1.5,55000,26
USA,Smartwatch,Accessories,639.77,539,75972.45,1,70000,331
France,Laptop,Electronics,630.7,235,20593.46,0.92,45000,65
UAE,Phone,Electronics,589.02,772,31744.79,3.67,43000,10
Germany,Tablet,Electronics,887.96,621,143379.43,0.92,52000,83
UK,Smartwatch,Accessories,979.31,236,24711.82,0.78,48000,67
Australia,Headphones,Accessories,896.21,305,26882.76,1.5,55000,26
Brazil,Headphones,Accessories,209.09,757,43117.56,5.1,9000,213
Brazil,Phone,Electronics,655.43,377,37132.39,5.1,9000,213
USA,Smartwatch,Accessories,798.82,227,29075.25,1,70000,331
UAE,Tablet,Electronics,590.07,673,25789.18,3.67,43000,10
Brazil,Phone,Electronics,968.76,314,39650.73,5.1,9000,213
Australia,Tablet,Electronics,168.26,603,13862.47,1.5,55000,26
USA,Tablet,Electronics,137.77,631,24675.52,1,70000,331
Australia,Laptop,Electronics,818.21,316,40901.59,1.5,55000,26
Canada,Phone,Electronics,291.34,348,28054.56,1.35,52000,38
Canada,Phone,Electronics,209.71,630,22627.09,1.35,52000,38
UAE,Laptop,Electronics,809.26,987,98862.91,3.67,43000,10
Australia,Headphones,Accessories,682.87,622,32799.51,1.5,55000,26
USA,Tablet,Electronics,402.33,626,60071.92,1,70000,331
Canada,Laptop,Electronics,196.58,704,28117.04,1.35,52000,38
Australia,Laptop,Electronics,185.27,827,12130.25,1.5,55000,26
India,Laptop,Electronics,995.12,671,64247.39,83,2500,1400
Australia,Smartwatch,Accessories,401.76,735,41772.56,1.5,55000,26
France,Tablet,Electronics,453,77,5793.57,0.92,45000,65
France,Tablet,Electronics,619.28,600,67125.87,0.92,45000,65
France,Smartwatch,Accessories,82.67,883,8051.49,0.92,45000,65
France,Headphones,Accessories,703.96,445,41068.41,0.92,45000,65
Canada,Tablet,Electronics,203.55,733,37617.73,1.35,52000,38
India,Phone,Electronics,140.32,557,13764.06,83,2500,1400
France,Phone,Electronics,541.55,122,4329.27,0.92,45000,65
USA,Laptop,Electronics,630.36,639,31425.73,1,70000,331
USA,Laptop,Electronics,681.11,364,74280.95,1,70000,331
USA,Tablet,Electronics,713.11,256,18152.28,1,70000,331
UAE,Laptop,Electronics,109.35,225,1824.38,3.67,43000,10
Germany,Tablet,Electronics,889.61,716,108192.88,0.92,52000,83
India,Headphones,Accessories,711.63,375,66691.09,83,2500,1400
Canada,Phone,Electronics,507.87,200,16359.29,1.35,52000,38
Canada,Tablet,Electronics,639.78,901,70189.74,1.35,52000,38
Brazil,Laptop,Electronics,97.97,961,28182.58,5.1,9000,213
USA,Laptop,Electronics,114.03,154,3600.18,1,70000,331
Canada,Headphones,Accessories,160.75,519,18610.6,1.35,52000,38
Australia,Laptop,Electronics,328.61,412,32542.76,1.5,55000,26
Germany,Headphones,Accessories,596.36,608,59113.31,0.92,52000,83
UAE,Laptop,Electronics,824.6,339,45051.1,3.67,43000,10
France,Smartwatch,Accessories,864.77,579,79182.9,0.92,45000,65
UK,Laptop,Electronics,63.44,421,1655.14,0.78,48000,67
India,Laptop,Electronics,283.55,626,25970.5,83,2500,1400
Australia,Smartwatch,Accessories,60.34,194,3227.55,1.5,55000,26
USA,Headphones,Accessories,134.34,263,4378.18,1,70000,331
UAE,Laptop,Electronics,511.23,804,54054.86,3.67,43000,10
USA,Laptop,Electronics,925.93,919,250087.12,1,70000,331
France,Phone,Electronics,589.14,78,4649.58,0.92,45000,65
Australia,Laptop,Electronics,835.05,656,87483.98,1.5,55000,26
Germany,Tablet,Electronics,960.38,52,14404.11,0.92,52000,83
India,Smartwatch,Accessories,757.7,917,133680.51,83,2500,1400
Japan,Headphones,Accessories,794.46,190,7902.02,150,40000,125
Canada,Smartwatch,Accessories,146.21,579,13174.01,1.35,52000,38
USA,Phone,Electronics,663.09,210,38682.12,1,70000,331
USA,Smartwatch,Accessories,446.36,583,59211.86,1,70000,331
Canada,Laptop,Electronics,798.49,479,40235.65,1.35,52000,38
UK,Laptop,Electronics,364.16,846,38613.63,0.78,48000,67
India,Laptop,Electronics,313.06,496,27634.89,83,2500,1400
USA,Headphones,Accessories,893.91,769,43413.65,1,70000,331
UAE,Headphones,Accessories,321.93,239,20223.88,3.67,43000,10
France,Phone,Electronics,235.52,236,3506.58,0.92,45000,65
UAE,Phone,Electronics,131,666,24340.14,3.67,43000,10
USA,Headphones,Accessories,359.98,153,4517.85,1,70000,331
UAE,Laptop,Electronics,517.56,703,86452.12,3.67,43000,10
India,Laptop,Electronics,881.62,298,28544.6,83,2500,1400
Germany,Smartwatch,Accessories,228.61,560,17873.54,0.92,52000,83
France,Tablet,Electronics,799.11,620,33964.99,0.92,45000,65
UK,Laptop,Electronics,53.26,421,2404.37,0.78,48000,67
India,Laptop,Electronics,959.66,680,94234.06,83,2500,1400
UAE,Tablet,Electronics,504.27,471,56065.67,3.67,43000,10
Australia,Tablet,Electronics,127.19,692,14045.08,1.5,55000,26
UAE,Phone,Electronics,800.65,752,153374.86,3.67,43000,10
India,Headphones,Accessories,107.8,966,6559.94,83,2500,1400
USA,Tablet,Electronics,937.38,945,124777.29,1,70000,331
Canada,Headphones,Accessories,413.11,394,30051.74,1.35,52000,38
Japan,Smartwatch,Accessories,862.41,179,15643.27,150,40000,125
France,Headphones,Accessories,605.26,63,10550.54,0.92,45000,65
Canada,Tablet,Electronics,655.01,164,31877.43,1.35,52000,38
Germany,Smartwatch,Accessories,465.89,512,16823.25,0.92,52000,83
France,Phone,Electronics,455.57,742,71630.17,0.92,45000,65
Australia,Laptop,Electronics,557.08,356,48069.5,1.5,55000,26
USA,Tablet,Electronics,81.13,780,7861.36,1,70000,331
USA,Tablet,Electronics,953.46,489,78685.99,1,70000,331
Germany,Headphones,Accessories,899.38,738,49300.03,0.92,52000,83
Germany,Phone,Electronics,263.68,261,11738.72,0.92,52000,83
India,Headphones,Accessories,197.04,573,18462.38,83,2500,1400
India,Smartwatch,Accessories,532.74,999,146904.82,83,2500,1400
Australia,Tablet,Electronics,550.09,110,15272.64,1.5,55000,26
France,Laptop,Electronics,616.99,847,111374.4,0.92,45000,65
Brazil,Tablet,Electronics,76.19,371,8314.81,5.1,9000,213
Germany,Laptop,Electronics,288.45,109,6842.65,0.92,52000,83
UAE,Phone,Electronics,753.94,161,12465.48,3.67,43000,10
Japan,Phone,Electronics,548.11,523,28554.4,150,40000,125
Australia,Phone,Electronics,116.49,851,15870.04,1.5,55000,26
India,Smartwatch,Accessories,449.84,983,94856.11,83,2500,1400
Japan,Phone,Electronics,850.36,491,106997.89,150,40000,125
UK,Phone,Electronics,819.05,991,183481.69,0.78,48000,67
UK,Phone,Electronics,737.31,545,87445.66,0.78,48000,67
UK,Phone,Electronics,466.5,985,119634.54,0.78,48000,67
India,Headphones,Accessories,713.95,581,100328.62,83,2500,1400
USA,Laptop,Electronics,386.33,577,35734.98,1,70000,331
USA,Phone,Electronics,712.8,992,113219.85,1,70000,331
USA,Phone,Electronics,890.72,367,97603.66,1,70000,331
UAE,Tablet,Electronics,804.32,407,51734.09,3.67,43000,10
Brazil,Smartwatch,Accessories,546.99,710,29901.39,5.1,9000,213
USA,Phone,Electronics,250.97,770,38605.06,1,70000,331
USA,Phone,Electronics,491.99,899,45813.75,1,70000,331
France,Laptop,Electronics,587.91,288,39278.91,0.92,45000,65
USA,Laptop,Electronics,786.86,428,44520.35,1,70000,331
UAE,Laptop,Electronics,679.5,703,91856.58,3.67,43000,10
Brazil,Phone,Electronics,256.35,67,2263.31,5.1,9000,213
UAE,Laptop,Electronics,141.97,141,5831.86,3.67,43000,10
France,Laptop,Electronics,308.35,460,25770.27,0.92,45000,65
Brazil,Headphones,Accessories,82.73,670,5391.38,5.1,9000,213
Brazil,Headphones,Accessories,167.33,324,9548.9,5.1,9000,213
UK,Phone,Electronics,760.05,80,12038.63,0.78,48000,67
Brazil,Headphones,Accessories,119.56,544,5177.34,5.1,9000,213
India,Phone,Electronics,742.76,917,45185.91,83,2500,1400
Germany,Tablet,Electronics,427.94,571,64457.06,0.92,52000,83
Australia,Headphones,Accessories,351.4,658,66165.67,1.5,55000,26
UAE,Headphones,Accessories,462.91,161,6798.97,3.67,43000,10
UAE,Laptop,Electronics,401.37,740,82064.12,3.67,43000,10
India,Headphones,Accessories,511.92,146,15552.11,83,2500,1400
UK,Phone,Electronics,594.32,931,139131.23,0.78,48000,67
UK,Phone,Electronics,290.8,332,15836.8,0.78,48000,67
Australia,Laptop,Electronics,350.83,442,27325.74,1.5,55000,26
Germany,Laptop,Electronics,521.65,525,62840.21,0.92,52000,83
UAE,Laptop,Electronics,469.38,377,18145.1,3.67,43000,10
France,Laptop,Electronics,691.84,965,160624.82,0.92,45000,65
UK,Smartwatch,Accessories,854.57,244,53127.36,0.78,48000,67
India,Tablet,Electronics,992.52,148,20657.28,83,2500,1400
Australia,Smartwatch,Accessories,582.49,268,20480.65,1.5,55000,26
UK,Smartwatch,Accessories,978.2,752,175245.04,0.78,48000,67
Australia,Smartwatch,Accessories,397.94,971,42786.83,1.5,55000,26
UAE,Phone,Electronics,470.17,99,3276.21,3.67,43000,10
Germany,Laptop,Electronics,935.72,506,83953.69,0.92,52000,83
France,Tablet,Electronics,227.94,925,13954.63,0.92,45000,65
UK,Laptop,Electronics,165.88,955,19197.03,0.78,48000,67
India,Tablet,Electronics,559.62,499,64303.26,83,2500,1400
Germany,Phone,Electronics,790.02,777,41336.16,0.92,52000,83
India,Tablet,Electronics,630.84,513,74613.66,83,2500,1400
France,Phone,Electronics,704.49,787,157010.43,0.92,45000,65
Japan,Headphones,Accessories,681.87,672,77799.45,150,40000,125
UAE,Phone,Electronics,409.08,954,30815.73,3.67,43000,10
India,Headphones,Accessories,668.35,329,21237.88,83,2500,1400
Germany,Phone,Electronics,676.47,972,43360.37,0.92,52000,83
UAE,Headphones,Accessories,101.6,139,4149.07,3.67,43000,10
France,Phone,Electronics,145.73,907,31056.17,0.92,45000,65
Japan,Phone,Electronics,642.33,574,72626.68,150,40000,125
Germany,Tablet,Electronics,646.93,905,155242.21,0.92,52000,83
Brazil,Smartwatch,Accessories,225.87,810,34393.65,5.1,9000,213
UK,Headphones,Accessories,301.4,671,20492.84,0.78,48000,67
USA,Smartwatch,Accessories,75.04,694,10689.42,1,70000,331
France,Laptop,Electronics,871.6,400,55252.82,0.92,45000,65
USA,Tablet,Electronics,641.37,975,110028.73,1,70000,331
Japan,Tablet,Electronics,968.56,187,24444.87,150,40000,125
Brazil,Laptop,Electronics,999.04,445,94417.69,5.1,9000,213
Australia,Smartwatch,Accessories,994.47,843,62811.99,1.5,55000,26
USA,Headphones,Accessories,282.4,505,10194.56,1,70000,331
India,Tablet,Electronics,757.53,540,97331.59,83,2500,1400
USA,Phone,Electronics,700.66,998,135115.32,1,70000,331
Canada,Laptop,Electronics,884.64,554,64764.51,1.35,52000,38
Japan,Tablet,Electronics,172.59,715,10342.27,150,40000,125
India,Tablet,Electronics,912.3,480,106526.72,83,2500,1400
Brazil,Tablet,Electronics,206.13,881,29987.05,5.1,9000,213
Germany,Headphones,Accessories,733.96,129,10516.5,0.92,52000,83
Japan,Headphones,Accessories,713.86,50,1949.98,150,40000,125
India,Headphones,Accessories,366,362,16220.91,83,2500,1400
Brazil,Smartwatch,Accessories,551.98,155,17846.37,5.1,9000,213
Japan,Phone,Electronics,410,118,11383.41,150,40000,125
Australia,Smartwatch,Accessories,605.18,687,32155.27,1.5,55000,26
France,Laptop,Electronics,688.99,377,74965.45,0.92,45000,65
Canada,Smartwatch,Accessories,195.24,546,31886.49,1.35,52000,38
Australia,Smartwatch,Accessories,895.48,820,205561.98,1.5,55000,26
Germany,Phone,Electronics,795.12,895,87278.46,0.92,52000,83
USA,Smartwatch,Accessories,807.75,573,126155.61,1,70000,331
Canada,Tablet,Electronics,550.35,461,31455.07,1.35,52000,38
Brazil,Smartwatch,Accessories,151.39,112,1453.34,5.1,9000,213
UK,Headphones,Accessories,146.65,595,12283.98,0.78,48000,67
UK,Headphones,Accessories,252.59,139,4267.7,0.78,48000,67
USA,Laptop,Electronics,947.48,979,222503.13,1,70000,331
Germany,Headphones,Accessories,621.43,102,18227.71,0.92,52000,83
Japan,Headphones,Accessories,781.38,545,116970.19,150,40000,125
India,Tablet,Electronics,266.76,436,24436.86,83,2500,1400
Japan,Smartwatch,Accessories,328.74,126,11694.1,150,40000,125
UK,Smartwatch,Accessories,597.62,52,5748.44,0.78,48000,67
Australia,Tablet,Electronics,229.66,67,1643.88,1.5,55000,26
Canada,Laptop,Electronics,465.43,698,36210.26,1.35,52000,38
Canada,Smartwatch,Accessories,288.83,574,22858.42,1.35,52000,38
Australia,Phone,Electronics,629.43,197,23358.48,1.5,55000,26
UAE,Smartwatch,Accessories,844.7,846,106683.1,3.67,43000,10
UAE,Headphones,Accessories,799.87,956,52491.77,3.67,43000,10
Japan,Smartwatch,Accessories,469.25,419,11536.15,150,40000,125
UAE,Tablet,Electronics,276.96,928,28358.8,3.67,43000,10
India,Smartwatch,Accessories,322.63,154,5987.98,83,2500,1400
Japan,Smartwatch,Accessories,971.88,518,87702.77,150,40000,125
Brazil,Laptop,Electronics,308.9,355,6201.91,5.1,9000,213
UK,Tablet,Electronics,233.36,830,10016.34,0.78,48000,67
Germany,Tablet,Electronics,974.07,201,13696.06,0.92,52000,83
UK,Laptop,Electronics,926.77,69,12508.76,0.78,48000,67
Germany,Tablet,Electronics,683.35,581,73765.78,0.92,52000,83
Japan,Laptop,Electronics,593.14,219,33269.68,150,40000,125
Australia,Smartwatch,Accessories,607.43,855,150228.31,1.5,55000,26
Australia,Smartwatch,Accessories,242.94,939,44773.83,1.5,55000,26
UAE,Phone,Electronics,570.77,116,15029.25,3.67,43000,10
Australia,Tablet,Electronics,450.4,486,43052.37,1.5,55000,26
India,Headphones,Accessories,529.03,530,79786.41,83,2500,1400
Germany,Smartwatch,Accessories,236.25,880,21908.24,0.92,52000,83
India,Phone,Electronics,813.36,262,39515.57,83,2500,1400
USA,Phone,Electronics,224.46,760,50926.99,1,70000,331
Japan,Tablet,Electronics,90.6,735,18792.25,150,40000,125
France,Phone,Electronics,998.88,142,33529.07,0.92,45000,65
Australia,Tablet,Electronics,342.3,468,23693.15,1.5,55000,26
India,Tablet,Electronics,173.68,664,30855.15,83,2500,1400
Germany,Smartwatch,Accessories,640.25,293,10594.43,0.92,52000,83
Japan,Phone,Electronics,271.25,925,39347.78,150,40000,125
Canada,Smartwatch,Accessories,227.97,731,31126.22,1.35,52000,38
UK,Tablet,Electronics,62.78,986,15934.47,0.78,48000,67
USA,Smartwatch,Accessories,478.24,455,46398.92,1,70000,331
Australia,Smartwatch,Accessories,996.08,757,146462.81,1.5,55000,26
Australia,Headphones,Accessories,517.77,442,51738.95,1.5,55000,26
Australia,Tablet,Electronics,604.24,620,43976.69,1.5,55000,26
USA,Headphones,Accessories,942.56,215,29050.75,1,70000,331
Brazil,Laptop,Electronics,268.49,168,3241.72,5.1,9000,213
UAE,Smartwatch,Accessories,177.11,702,16473.21,3.67,43000,10
Brazil,Phone,Electronics,347.03,581,39615.07,5.1,9000,213
France,Laptop,Electronics,487.4,935,119013.26,0.92,45000,65
Canada,Smartwatch,Accessories,825.07,797,68215.75,1.35,52000,38
Japan,Phone,Electronics,888.72,592,52444.15,150,40000,125
Japan,Laptop,Electronics,299.34,644,50100.62,150,40000,125
France,Laptop,Electronics,676.7,176,6232.71,0.92,45000,65
USA,Phone,Electronics,484.28,679,78797,1,70000,331
UAE,Phone,Electronics,440.93,218,19089.26,3.67,43000,10
UK,Smartwatch,Accessories,992.6,460,60131.93,0.78,48000,67
Canada,Headphones,Accessories,147.29,805,12840.98,1.35,52000,38
UAE,Laptop,Electronics,146.49,309,6824.02,3.67,43000,10
UK,Smartwatch,Accessories,627.9,377,23159.9,0.78,48000,67
Japan,Phone,Electronics,609.35,485,28332.4,150,40000,125
UK,Tablet,Electronics,963.7,700,167313.66,0.78,48000,67
USA,Headphones,Accessories,213.15,134,2535.6,1,70000,331
UK,Laptop,Electronics,486.63,762,57813.62,0.78,48000,67
Canada,Phone,Electronics,252.19,676,41600.41,1.35,52000,38
UAE,Phone,Electronics,201.36,297,11449.11,3.67,43000,10
Japan,Tablet,Electronics,600.59,294,50650.08,150,40000,125
Germany,Phone,Electronics,787.26,868,144180.68,0.92,52000,83
Canada,Tablet,Electronics,207.65,911,51907.74,1.35,52000,38
Brazil,Laptop,Electronics,530.24,88,7863.95,5.1,9000,213
Canada,Phone,Electronics,142.39,206,7514.43,1.35,52000,38
Canada,Laptop,Electronics,207.92,586,23221.52,1.35,52000,38
Brazil,Phone,Electronics,739.72,301,12679.14,5.1,9000,213
India,Laptop,Electronics,839,705,138429.32,83,2500,1400
UAE,Laptop,Electronics,550.56,203,14119.46,3.67,43000,10
India,Headphones,Accessories,910.46,571,43879.21,83,2500,1400
Canada,Headphones,Accessories,890.7,59,13889.08,1.35,52000,38
UAE,Phone,Electronics,441.03,316,20629.77,3.67,43000,10
USA,Phone,Electronics,133.5,147,5023.67,1,70000,331
UK,Laptop,Electronics,961.4,317,86105.69,0.78,48000,67
UK,Phone,Electronics,712.71,540,25462.46,0.78,48000,67
India,Headphones,Accessories,804.3,697,55758.29,83,2500,1400
USA,Laptop,Electronics,731.61,666,107802.08,1,70000,331
Japan,Tablet,Electronics,984.19,556,112768.95,150,40000,125
Japan,Headphones,Accessories,871.08,188,14737.24,150,40000,125
Germany,Headphones,Accessories,339.65,948,19186.27,0.92,52000,83
France,Tablet,Electronics,625.08,797,52286.77,0.92,45000,65
Australia,Headphones,Accessories,829.32,496,36501.16,1.5,55000,26
Germany,Tablet,Electronics,747.56,834,84553.9,0.92,52000,83
Canada,Tablet,Electronics,527.32,971,96534.32,1.35,52000,38
India,Laptop,Electronics,212.82,856,30184.17,83,2500,1400
Brazil,Phone,Electronics,939.9,77,12219.28,5.1,9000,213
USA,Smartwatch,Accessories,319.14,501,18418.01,1,70000,331
UAE,Laptop,Electronics,106.95,470,3131.85,3.67,43000,10
France,Smartwatch,Accessories,666.96,488,30700.04,0.92,45000,65
USA,Headphones,Accessories,185.81,462,15930.14,1,70000,331
Germany,Smartwatch,Accessories,617.34,443,14966.89,0.92,52000,83
India,Tablet,Electronics,254.93,197,8396.31,83,2500,1400
Canada,Headphones,Accessories,891.69,969,181323.54,1.35,52000,38
France,Headphones,Accessories,417.98,497,28249.85,0.92,45000,65
Germany,Phone,Electronics,288.61,279,21494.36,0.92,52000,83
Germany,Headphones,Accessories,229.66,445,15226.81,0.92,52000,83
UK,Phone,Electronics,975.6,761,164946.66,0.78,48000,67
Japan,Headphones,Accessories,185.83,799,14587.88,150,40000,125
Brazil,Headphones,Accessories,479.35,683,76856.8,5.1,9000,213
Canada,Smartwatch,Accessories,823.27,753,47945.37,1.35,52000,38
Australia,Smartwatch,Accessories,465.32,113,11933.51,1.5,55000,26
Australia,Headphones,Accessories,426.75,139,12726.93,1.5,55000,26
Australia,Tablet,Electronics,292.93,352,25271.03,1.5,55000,26
USA,Phone,Electronics,221.99,319,3848.43,1,70000,331
Japan,Smartwatch,Accessories,945.9,385,79400.59,150,40000,125
Canada,Tablet,Electronics,136.98,571,22990.65,1.35,52000,38
UK,Phone,Electronics,964.78,323,54222.73,0.78,48000,67
UK,Headphones,Accessories,617.21,266,14856.16,0.78,48000,67
Brazil,Laptop,Electronics,783.68,350,38302.67,5.1,9000,213
USA,Smartwatch,Accessories,336.56,128,8947.19,1,70000,331
UAE,Smartwatch,Accessories,411.18,782,83648.61,3.67,43000,10
Germany,Smartwatch,Accessories,74.1,979,19328.67,0.92,52000,83
France,Tablet,Electronics,498.46,757,109688.29,0.92,45000,65
UAE,Laptop,Electronics,243.45,257,13188.64,3.67,43000,10
Canada,Phone,Electronics,928.24,315,73607.52,1.35,52000,38
USA,Tablet,Electronics,611.75,709,82699.64,1,70000,331
Brazil,Phone,Electronics,162.2,859,8370.36,5.1,9000,213
Canada,Phone,Electronics,328.28,221,21438.44,1.35,52000,38
Canada,Headphones,Accessories,353.87,414,8624.08,1.35,52000,38
UAE,Tablet,Electronics,463.62,817,93026.23,3.67,43000,10
UK,Smartwatch,Accessories,510.05,470,17769.87,0.78,48000,67
India,Smartwatch,Accessories,263.87,979,70038.56,83,2500,1400
India,Headphones,Accessories,619.77,922,138032.32,83,2500,1400
Canada,Phone,Electronics,562.16,344,27548.45,1.35,52000,38
Germany,Laptop,Electronics,286.12,130,4943.03,0.92,52000,83
UK,Laptop,Electronics,493.96,297,17219.78,0.78,48000,67
UK,Smartwatch,Accessories,885.42,980,72278.68,0.78,48000,67
USA,Laptop,Electronics,578.22,310,15258.64,1,70000,331
Canada,Smartwatch,Accessories,629.27,821,137806.51,1.35,52000,38
France,Tablet,Electronics,786.46,683,135517.55,0.92,45000,65
Brazil,Headphones,Accessories,451.09,181,22961.98,5.1,9000,213
Australia,Phone,Electronics,101.69,621,17099.39,1.5,55000,26
UK,Phone,Electronics,671.87,521,62481.11,0.78,48000,67
UK,Laptop,Electronics,610.84,885,79958.54,0.78,48000,67
USA,Tablet,Electronics,424.4,363,39870.46,1,70000,331
France,Phone,Electronics,171.9,1000,51420.96,0.92,45000,65
France,Headphones,Accessories,866.67,281,71237.65,0.92,45000,65
USA,Laptop,Electronics,612.13,105,9275.93,1,70000,331
France,Laptop,Electronics,160.56,130,3320.43,0.92,45000,65
UK,Laptop,Electronics,802.37,95,7745.6,0.78,48000,67
Australia,Phone,Electronics,539.42,154,16455.73,1.5,55000,26
Japan,Headphones,Accessories,201.26,424,17811.98,150,40000,125
USA,Smartwatch,Accessories,736.84,794,173532.41,1,70000,331
Canada,Phone,Electronics,616.06,857,86792.44,1.35,52000,38
Canada,Headphones,Accessories,211.96,186,4226.99,1.35,52000,38
UAE,Phone,Electronics,323.73,205,8763.81,3.67,43000,10
Australia,Headphones,Accessories,625.46,902,96327.07,1.5,55000,26
Brazil,Smartwatch,Accessories,119.91,817,27111.33,5.1,9000,213
France,Laptop,Electronics,294.22,773,26199.77,0.92,45000,65
Brazil,Tablet,Electronics,175.18,684,7178.01,5.1,9000,213
Australia,Smartwatch,Accessories,985.33,288,72350.87,1.5,55000,26
Australia,Headphones,Accessories,872.05,304,49053.24,1.5,55000,26
Brazil,Smartwatch,Accessories,431.94,260,32716.41,5.1,9000,213
Canada,Laptop,Electronics,481.04,145,5754.49,1.35,52000,38
Canada,Phone,Electronics,602.59,899,30823.17,1.35,52000,38
Brazil,Laptop,Electronics,637.91,651,87011.8,5.1,9000,213
Australia,Laptop,Electronics,104.19,472,12533.5,1.5,55000,26
Japan,Tablet,Electronics,975.92,776,125561.12,150,40000,125
Germany,Smartwatch,Accessories,378.79,869,31680.11,0.92,52000,83
Japan,Tablet,Electronics,75.45,106,881.06,150,40000,125
Australia,Headphones,Accessories,216.68,731,14049.2,1.5,55000,26
France,Smartwatch,Accessories,811.82,470,113046.91,0.92,45000,65
Australia,Headphones,Accessories,537.77,385,27870.1,1.5,55000,26
USA,Laptop,Electronics,669.49,589,72960.65,1,70000,331
USA,Phone,Electronics,800.81,960,220411.41,1,70000,331
Germany,Smartwatch,Accessories,945.11,818,111718.83,0.92,52000,83
Canada,Tablet,Electronics,797.03,763,83817.65,1.35,52000,38
UK,Smartwatch,Accessories,991.23,995,119986.01,0.78,48000,67
Japan,Laptop,Electronics,238.48,994,35825.08,150,40000,125
UK,Laptop,Electronics,416.56,699,71751.38,0.78,48000,67
Brazil,Smartwatch,Accessories,839.44,406,34924.12,5.1,9000,213
India,Headphones,Accessories,78.02,365,4164.41,83,2500,1400
UAE,Laptop,Electronics,165.42,992,48220.78,3.67,43000,10
India,Laptop,Electronics,236.1,899,26061.46,83,2500,1400
Germany,Tablet,Electronics,928.31,906,72464.21,0.92,52000,83
USA,Headphones,Accessories,502.19,405,46380.5,1,70000,331
Canada,Phone,Electronics,459.39,797,73538.59,1.35,52000,38
Germany,Headphones,Accessories,301.37,312,7815.26,0.92,52000,83
Germany,Smartwatch,Accessories,988.12,512,104593.93,0.92,52000,83
Brazil,Smartwatch,Accessories,191.9,82,2644.81,5.1,9000,213
Australia,Smartwatch,Accessories,311.12,932,62803.34,1.5,55000,26
Japan,Laptop,Electronics,236.63,504,25645.71,150,40000,125
France,Laptop,Electronics,852.3,857,173473.67,0.92,45000,65
Germany,Smartwatch,Accessories,326.95,458,10989.55,0.92,52000,83
India,Headphones,Accessories,214.75,950,54246.11,83,2500,1400
UAE,Smartwatch,Accessories,56.31,785,13256.85,3.67,43000,10
Japan,Phone,Electronics,711.74,498,79354.63,150,40000,125
Germany,Phone,Electronics,913.54,371,70861.97,0.92,52000,83
Canada,Phone,Electronics,786.03,603,32199.91,1.35,52000,38
India,Headphones,Accessories,135.58,796,31883.52,83,2500,1400
USA,Phone,Electronics,863.57,74,11639.19,1,70000,331
Canada,Headphones,Accessories,661.76,940,116612.43,1.35,52000,38
USA,Phone,Electronics,738.88,188,9139.97,1,70000,331
Australia,Smartwatch,Accessories,463.23,211,25606.84,1.5,55000,26
Brazil,Laptop,Electronics,768.26,720,60614.67,5.1,9000,213
Brazil,Phone,Electronics,228.53,726,25902.64,5.1,9000,213
Australia,Phone,Electronics,475.32,994,65929.98,1.5,55000,26
France,Smartwatch,Accessories,164.69,998,11194.71,0.92,45000,65
UK,Smartwatch,Accessories,874.65,778,69682.54,0.78,48000,67
UAE,Headphones,Accessories,505.92,292,35152.56,3.67,43000,10
Brazil,Headphones,Accessories,578.34,244,26176.21,5.1,9000,213
India,Laptop,Electronics,53.35,238,2504.4,83,2500,1400
Brazil,Tablet,Electronics,964.56,750,195594.29,5.1,9000,213
Australia,Phone,Electronics,704.74,507,47072.51,1.5,55000,26
Australia,Smartwatch,Accessories,340.96,753,44383.26,1.5,55000,26
France,Laptop,Electronics,150.7,675,26575.85,0.92,45000,65
Japan,Smartwatch,Accessories,308.94,682,42684.83,150,40000,125
Brazil,Headphones,Accessories,438.12,89,6810.97,5.1,9000,213
UK,Smartwatch,Accessories,304.06,174,3071.12,0.78,48000,67
UAE,Phone,Electronics,164.12,608,5089.83,3.67,43000,10
Canada,Laptop,Electronics,916.3,604,104356.1,1.35,52000,38
Germany,Headphones,Accessories,109.49,398,9481.53,0.92,52000,83
France,Laptop,Electronics,569.02,345,10429.18,0.92,45000,65
UK,Laptop,Electronics,356.84,357,18885.36,0.78,48000,67
Brazil,Headphones,Accessories,655.89,538,50792.63,5.1,9000,213
India,Phone,Electronics,154.44,415,3835.8,83,2500,1400
France,Phone,Electronics,273.76,520,14634.78,0.92,45000,65
Brazil,Headphones,Accessories,386.28,392,43501.1,5.1,9000,213
Japan,Tablet,Electronics,694.5,310,14758.94,150,40000,125
India,Tablet,Electronics,719.61,373,32393.88,83,2500,1400
France,Tablet,Electronics,744.84,450,43519.11,0.92,45000,65
France,Laptop,Electronics,93.43,661,18168.62,0.92,45000,65
Canada,Tablet,Electronics,685.77,212,8603.5,1.35,52000,38
Australia,Headphones,Accessories,520.36,782,39714.44,1.5,55000,26
UAE,Phone,Electronics,242.36,970,55952.86,3.67,43000,10
USA,Headphones,Accessories,314.76,304,22540.14,1,70000,331
Canada,Tablet,Electronics,177.69,755,17201.03,1.35,52000,38
Japan,Headphones,Accessories,71.6,431,5133.12,150,40000,125
Canada,Laptop,Electronics,992.36,168,36841.77,1.35,52000,38
UK,Laptop,Electronics,185.56,734,34106.17,0.78,48000,67
Brazil,Tablet,Electronics,712.61,127,17287.83,5.1,9000,213
Japan,Laptop,Electronics,323.4,213,12455.27,150,40000,125
Australia,Tablet,Electronics,450.36,152,19445.41,1.5,55000,26
Japan,Laptop,Electronics,634.61,249,14875.9,150,40000,125
Brazil,Phone,Electronics,680.05,219,23664.45,5.1,9000,213
Canada,Smartwatch,Accessories,471.92,409,16851.86,1.35,52000,38
Brazil,Headphones,Accessories,966.09,160,24155.28,5.1,9000,213
UK,Phone,Electronics,800.87,937,194818.43,0.78,48000,67
UK,Smartwatch,Accessories,583.27,240,12109.8,0.78,48000,67
UAE,Laptop,Electronics,593.34,239,8375.95,3.67,43000,10
India,Laptop,Electronics,99.35,967,19765.21,83,2500,1400
Australia,Headphones,Accessories,433.04,708,79929.19,1.5,55000,26
Canada,Smartwatch,Accessories,54.18,901,4153.47,1.35,52000,38
France,Phone,Electronics,107.82,967,16673.46,0.92,45000,65
USA,Headphones,Accessories,726.43,798,64638.85,1,70000,331
France,Phone,Electronics,881.49,534,38636,0.92,45000,65
USA,Phone,Electronics,297.98,420,26462.45,1,70000,331
UK,Headphones,Accessories,567.39,868,138014.9,0.78,48000,67
France,Headphones,Accessories,429.71,100,12174.43,0.92,45000,65
UAE,Laptop,Electronics,487.37,967,61012.44,3.67,43000,10
Japan,Phone,Electronics,981.83,267,42850.52,150,40000,125
UK,Tablet,Electronics,333.57,341,27616,0.78,48000,67
UK,Smartwatch,Accessories,423.2,860,69712.89,0.78,48000,67
UAE,Phone,Electronics,50.3,671,3920.63,3.67,43000,10
France,Smartwatch,Accessories,775.36,824,121681.58,0.92,45000,65
Australia,Headphones,Accessories,308.81,265,13751.34,1.5,55000,26
USA,Phone,Electronics,325.64,92,6628.83,1,70000,331
Australia,Headphones,Accessories,413.72,826,95832.77,1.5,55000,26
UAE,Smartwatch,Accessories,453.23,237,30951.06,3.67,43000,10
Brazil,Smartwatch,Accessories,369.94,201,14093.23,5.1,9000,213
Germany,Laptop,Electronics,660.03,265,12287.49,0.92,52000,83
Japan,Laptop,Electronics,151.8,335,13248.89,150,40000,125
France,Tablet,Electronics,327.09,971,55940.12,0.92,45000,65
Japan,Smartwatch,Accessories,368.17,973,40831.9,150,40000,125
UK,Tablet,Electronics,92.77,327,2366.77,0.78,48000,67
France,Headphones,Accessories,640.32,222,39526.85,0.92,45000,65
UAE,Headphones,Accessories,643.52,384,38505.55,3.67,43000,10
UAE,Headphones,Accessories,889.43,430,32754.1,3.67,43000,10
Australia,Tablet,Electronics,898.17,128,12008.46,1.5,55000,26
UAE,Headphones,Accessories,414.26,125,4040.96,3.67,43000,10
Germany,Tablet,Electronics,596.35,147,20823.45,0.92,52000,83
Japan,Headphones,Accessories,318.08,385,11650.41,150,40000,125
Canada,Laptop,Electronics,524.45,735,34770.93,1.35,52000,38
USA,Laptop,Electronics,60.86,263,3605.29,1,70000,331
France,Tablet,Electronics,142.22,566,4562.2,0.92,45000,65
UAE,Tablet,Electronics,277.55,401,17618.88,3.67,43000,10
Canada,Phone,Electronics,675.23,242,33343.29,1.35,52000,38
UK,Tablet,Electronics,873.15,971,88721.61,0.78,48000,67
France,Tablet,Electronics,971.04,104,17799.16,0.92,45000,65
Brazil,Phone,Electronics,941.59,161,17290.44,5.1,9000,213
Canada,Tablet,Electronics,652.1,966,116762.49,1.35,52000,38
USA,Phone,Electronics,87.42,423,9253.53,1,70000,331
India,Phone,Electronics,710.21,847,104206.85,83,2500,1400
USA,Phone,Electronics,192.84,366,18941.97,1,70000,331
France,Smartwatch,Accessories,81.63,142,3217.61,0.92,45000,65
Brazil,Laptop,Electronics,705.25,791,86548.03,5.1,9000,213
France,Smartwatch,Accessories,694.97,585,50111.94,0.92,45000,65
Germany,Smartwatch,Accessories,383.93,844,44669.29,0.92,52000,83
India,Smartwatch,Accessories,152.19,300,11347,83,2500,1400
India,Tablet,Electronics,120.99,950,29323.01,83,2500,1400
USA,Laptop,Electronics,118.03,288,8438.18,1,70000,331
India,Headphones,Accessories,417.2,464,52578.43,83,2500,1400
Australia,Laptop,Electronics,568.65,490,57036.65,1.5,55000,26
Canada,Phone,Electronics,534.99,928,42043.02,1.35,52000,38
Canada,Phone,Electronics,724.52,203,32003.99,1.35,52000,38
France,Headphones,Accessories,361.05,644,45852.95,0.92,45000,65
UAE,Phone,Electronics,482.04,131,16617.03,3.67,43000,10
UK,Phone,Electronics,150.47,193,5125.57,0.78,48000,67
UK,Tablet,Electronics,129.23,364,10210.8,0.78,48000,67
Australia,Headphones,Accessories,394.48,555,60643.69,1.5,55000,26
Japan,Tablet,Electronics,956.89,595,93904.03,150,40000,125
Australia,Headphones,Accessories,836.81,449,23952.36,1.5,55000,26
Germany,Smartwatch,Accessories,838.44,100,11662.13,0.92,52000,83
Brazil,Tablet,Electronics,845.79,698,138109.67,5.1,9000,213
UAE,Smartwatch,Accessories,967.92,474,61531.95,3.67,43000,10
Australia,Headphones,Accessories,50.57,541,6011.48,1.5,55000,26
France,Laptop,Electronics,216.25,981,50787.05,0.92,45000,65
Japan,Headphones,Accessories,949.47,356,53382.29,150,40000,125
USA,Smartwatch,Accessories,187.5,512,22942.85,1,70000,331
Germany,Phone,Electronics,920.26,469,75254.12,0.92,52000,83
UAE,Smartwatch,Accessories,495.78,100,5995.4,3.67,43000,10
Canada,Tablet,Electronics,445.13,770,79248.14,1.35,52000,38
France,Tablet,Electronics,818.53,680,138509.41,0.92,45000,65
Australia,Smartwatch,Accessories,982.78,562,122057.19,1.5,55000,26
Brazil,Tablet,Electronics,610.44,271,20344.13,5.1,9000,213
Canada,Smartwatch,Accessories,93.53,229,5527.37,1.35,52000,38
Australia,Phone,Electronics,803.34,436,103995.05,1.5,55000,26
Germany,Laptop,Electronics,687.32,764,41106.76,0.92,52000,83
UK,Tablet,Electronics,583.13,154,14558.15,0.78,48000,67
UK,Phone,Electronics,54.09,511,8187.91,0.78,48000,67
Australia,Laptop,Electronics,466.84,735,48135.41,1.5,55000,26
USA,Headphones,Accessories,546.96,818,44426.76,1,70000,331
UAE,Laptop,Electronics,60.6,712,7436.04,3.67,43000,10
France,Smartwatch,Accessories,633.49,57,4060.82,0.92,45000,65
Canada,Headphones,Accessories,934.65,948,229883.11,1.35,52000,38
France,Laptop,Electronics,758.41,762,39974.53,0.92,45000,65
France,Laptop,Electronics,596.87,687,60325.15,0.92,45000,65
France,Tablet,Electronics,594.3,562,18182.81,0.92,45000,65
Australia,Phone,Electronics,422.16,636,64707.8,1.5,55000,26
UAE,Tablet,Electronics,186.58,655,12375.23,3.67,43000,10
Germany,Smartwatch,Accessories,284.82,413,13393.13,0.92,52000,83
Canada,Smartwatch,Accessories,543.85,371,10400.15,1.35,52000,38
Germany,Headphones,Accessories,885.69,86,21533.28,0.92,52000,83
UK,Tablet,Electronics,738.15,953,190399.25,0.78,48000,67
France,Headphones,Accessories,381.27,730,41408.1,0.92,45000,65
France,Headphones,Accessories,667.58,900,164524.21,0.92,45000,65
India,Headphones,Accessories,868.94,895,142314.54,83,2500,1400
UAE,Laptop,Electronics,802.05,753,130653.2,3.67,43000,10
Canada,Laptop,Electronics,139.97,618,17767.18,1.35,52000,38
Brazil,Smartwatch,Accessories,664.65,808,106097.37,5.1,9000,213
Japan,Headphones,Accessories,152.09,693,22357.78,150,40000,125
Australia,Laptop,Electronics,768.49,228,26591.55,1.5,55000,26
UAE,Tablet,Electronics,971.92,646,106462.66,3.67,43000,10
Canada,Phone,Electronics,759.85,899,56780.56,1.35,52000,38
Canada,Headphones,Accessories,242.16,83,2007.5,1.35,52000,38
Brazil,Phone,Electronics,492.82,365,16470.98,5.1,9000,213
India,Phone,Electronics,190.1,634,32313.74,83,2500,1400
France,Tablet,Electronics,411.3,399,35206.64,0.92,45000,65
Germany,Laptop,Electronics,430.16,127,16031.89,0.92,52000,83
UAE,Laptop,Electronics,554.62,838,102176.5,3.67,43000,10
UK,Tablet,Electronics,238.98,942,51899.76,0.78,48000,67
Canada,Smartwatch,Accessories,745.71,455,37080.7,1.35,52000,38
UK,Tablet,Electronics,261.78,300,8625.01,0.78,48000,67
Germany,Smartwatch,Accessories,971.2,160,27102.23,0.92,52000,83
UAE,Headphones,Accessories,348.58,507,35828.99,3.67,43000,10
Japan,Tablet,Electronics,725.82,259,29095.49,150,40000,125
Japan,Tablet,Electronics,384.37,285,32217.86,150,40000,125
Germany,Phone,Electronics,242.68,723,27483.87,0.92,52000,83
USA,Phone,Electronics,184.61,661,15007.92,1,70000,331
Canada,Smartwatch,Accessories,933.82,928,45065.71,1.35,52000,38
UAE,Laptop,Electronics,701.73,821,57101.51,3.67,43000,10
Canada,Tablet,Electronics,532.31,452,71719.88,1.35,52000,38
Germany,Headphones,Accessories,312.44,161,14268.5,0.92,52000,83
USA,Tablet,Electronics,606.4,485,86588.65,1,70000,331
Australia,Laptop,Electronics,665.27,386,71231.8,1.5,55000,26
Japan,Headphones,Accessories,103.06,547,7927.69,150,40000,125
Australia,Tablet,Electronics,625.59,402,51120.32,1.5,55000,26
France,Phone,Electronics,125.63,382,7614.96,0.92,45000,65
India,Smartwatch,Accessories,904.53,677,155206.12,83,2500,1400
Germany,Smartwatch,Accessories,340.58,460,20371.73,0.92,52000,83
Germany,Phone,Electronics,584.54,396,59012.84,0.92,52000,83
USA,Smartwatch,Accessories,619.1,790,41002.36,1,70000,331
India,Tablet,Electronics,686.68,487,76269.79,83,2500,1400
UK,Headphones,Accessories,851.42,526,80292.83,0.78,48000,67
UK,Tablet,Electronics,362.44,644,57605.25,0.78,48000,67
India,Phone,Electronics,681.73,741,146501.5,83,2500,1400
Australia,Headphones,Accessories,51.25,476,2330.12,1.5,55000,26
Australia,Laptop,Electronics,626.45,529,47983.49,1.5,55000,26
Brazil,Smartwatch,Accessories,325.72,287,24126.3,5.1,9000,213
Australia,Tablet,Electronics,567.39,924,144186.36,1.5,55000,26
Canada,Smartwatch,Accessories,934.51,775,137533.45,1.35,52000,38
Brazil,Phone,Electronics,575.43,469,23127.73,5.1,9000,213
UAE,Tablet,Electronics,493.41,582,68050.58,3.67,43000,10
Brazil,Laptop,Electronics,905.68,489,23105.68,5.1,9000,213
USA,Tablet,Electronics,458,520,20410.2,1,70000,331
Australia,Laptop,Electronics,740.65,609,92680.21,1.5,55000,26
Australia,Phone,Electronics,190.39,568,8927.35,1.5,55000,26
USA,Laptop,Electronics,291.08,685,18140.56,1,70000,331
Japan,Smartwatch,Accessories,953.06,794,207429.96,150,40000,125
Australia,Laptop,Electronics,785.51,167,24591.01,1.5,55000,26
Australia,Phone,Electronics,450.62,295,28880.34,1.5,55000,26
UAE,Laptop,Electronics,440.71,348,17446.41,3.67,43000,10
France,Smartwatch,Accessories,173.61,682,15318,0.92,45000,65
Canada,Laptop,Electronics,203.45,604,35627.71,1.35,52000,38
Australia,Smartwatch,Accessories,758.99,1000,53219.12,1.5,55000,26
Brazil,Phone,Electronics,467.69,212,22437.1,5.1,9000,213
USA,Phone,Electronics,298.18,55,3312.88,1,70000,331
Germany,Headphones,Accessories,66.94,269,966.05,0.92,52000,83
Germany,Phone,Electronics,592.73,644,42459.57,0.92,52000,83
France,Phone,Electronics,458.07,122,14326.47,0.92,45000,65
UAE,Headphones,Accessories,464.83,159,16384.75,3.67,43000,10
France,Phone,Electronics,927.06,324,47523.51,0.92,45000,65
UAE,Phone,Electronics,350.65,441,32992.11,3.67,43000,10
USA,Headphones,Accessories,298.65,304,18019.89,1,70000,331
USA,Laptop,Electronics,317.29,201,16921.24,1,70000,331
USA,Smartwatch,Accessories,631.33,351,19432.9,1,70000,331
Japan,Tablet,Electronics,337.61,85,7714.92,150,40000,125
Canada,Laptop,Electronics,112.84,631,4381.83,1.35,52000,38
UAE,Laptop,Electronics,389.14,152,14921.47,3.67,43000,10
Australia,Laptop,Electronics,578.9,275,22641.46,1.5,55000,26
USA,Headphones,Accessories,275.52,710,49078.1,1,70000,331
UK,Smartwatch,Accessories,473.96,484,41293.24,0.78,48000,67
Japan,Tablet,Electronics,841.92,840,119142.07,150,40000,125
Japan,Tablet,Electronics,745.2,640,95625.1,150,40000,125
UK,Laptop,Electronics,143.44,826,30665.27,0.78,48000,67
India,Laptop,Electronics,657.97,326,23594.37,83,2500,1400
India,Phone,Electronics,269.98,781,52309.97,83,2500,1400
Australia,Smartwatch,Accessories,822.8,988,220563.76,1.5,55000,26
France,Tablet,Electronics,154.66,145,4734.78,0.92,45000,65
USA,Tablet,Electronics,407.22,978,85919.21,1,70000,331
India,Laptop,Electronics,209.9,161,9159.53,83,2500,1400
USA,Smartwatch,Accessories,198.71,963,22688.92,1,70000,331
Japan,Headphones,Accessories,682.87,322,56131.94,150,40000,125
Brazil,Smartwatch,Accessories,597.07,495,26811.61,5.1,9000,213
USA,Tablet,Electronics,67.67,779,4980.45,1,70000,331
UAE,Tablet,Electronics,54.04,253,1073.47,3.67,43000,10
UAE,Headphones,Accessories,82.14,339,7148.59,3.67,43000,10
France,Smartwatch,Accessories,278.34,248,7609.64,0.92,45000,65
USA,Laptop,Electronics,962.65,905,165033.48,1,70000,331
India,Headphones,Accessories,985.13,240,21490.15,83,2500,1400
UAE,Phone,Electronics,438.84,355,28138.93,3.67,43000,10
India,Tablet,Electronics,507.92,476,45596.28,83,2500,1400
India,Phone,Electronics,151.2,992,40248.95,83,2500,1400
France,Laptop,Electronics,693.07,493,77557.01,0.92,45000,65
UAE,Tablet,Electronics,578.27,116,13757.82,3.67,43000,10
USA,Smartwatch,Accessories,625.82,526,17802.47,1,70000,331
UK,Smartwatch,Accessories,674.5,89,14166.87,0.78,48000,67
Germany,Tablet,Electronics,730.94,666,137351.2,0.92,52000,83
Germany,Laptop,Electronics,304.84,370,15738.68,0.92,52000,83
Canada,Laptop,Electronics,651.15,301,20918.6,1.35,52000,38
UK,Smartwatch,Accessories,541.66,839,96453.88,0.78,48000,67
Germany,Smartwatch,Accessories,177.63,936,19952.19,0.92,52000,83
UK,Tablet,Electronics,112.87,718,6368.88,0.78,48000,67
Brazil,Tablet,Electronics,665.55,446,32273.93,5.1,9000,213
UAE,Phone,Electronics,659.95,390,46261.09,3.67,43000,10
Canada,Laptop,Electronics,356.28,850,65047.93,1.35,52000,38
Australia,Phone,Electronics,853.86,275,51645.38,1.5,55000,26
USA,Headphones,Accessories,135.05,612,16181.25,1,70000,331
